Date,Emotion,Background Color,Verse (EN)
2024-01-01,Happiness,yellow background,You have made known to me the path of life; in Your presence there is fullness of joy and eternal pleasures.
2024-01-02,Anxiety,light blue background,"Cast all your anxieties on Him, because He cares for you and understands every fear hidden in your heart."
2024-01-03,Gratitude,green background,Enter His gates with thanksgiving and His courts with praise; give thanks to Him and bless His name for His goodness.
2024-01-04,Loneliness,purple background,"Even though I walk through the valley of the shadow of death, I will fear no evil, for You are with me always."
2024-01-05,Anger,red background,"Be angry and do not sin; do not let the sun go down on your anger, and give no opportunity to the devil."
2024-01-06,Sadness,gray background,The Lord is near to the brokenhearted and saves the crushed in spirit. He binds up every wound with His eternal love.
2024-01-07,Happiness,yellow background,"This is the day the Lord has made; let us rejoice and be glad in it, for He fills us with joy."
2024-01-08,Anxiety,light blue background,"Cast all your anxieties on Him, because He cares for you and understands every fear hidden in your heart."
2024-01-09,Gratitude,green background,"Give thanks in all circumstances, for this is the will of God in Christ Jesus for you, through every trial and triumph."
2024-01-10,Loneliness,purple background,"I am with you always, even to the end of the age, says the Lord. You are never alone, not for a moment."
2024-01-11,Anger,red background,"A gentle answer turns away wrath, but a harsh word stirs up anger. Walk in peace and leave room for God’s justice."
2024-01-12,Sadness,gray background,"Weeping may endure for a night, but joy comes in the morning. God sees your tears and holds your sorrow in His hands."
2024-01-13,Happiness,yellow background,"This is the day the Lord has made; let us rejoice and be glad in it, for He fills us with joy."
2024-01-14,Anxiety,light blue background,"Cast all your anxieties on Him, because He cares for you and understands every fear hidden in your heart."
2024-01-15,Gratitude,green background,"Give thanks in all circumstances, for this is the will of God in Christ Jesus for you, through every trial and triumph."
2024-01-16,Loneliness,purple background,"Even though I walk through the valley of the shadow of death, I will fear no evil, for You are with me always."
2024-01-17,Anger,red background,"A gentle answer turns away wrath, but a harsh word stirs up anger. Walk in peace and leave room for God’s justice."
2024-01-18,Sadness,gray background,"Weeping may endure for a night, but joy comes in the morning. God sees your tears and holds your sorrow in His hands."
2024-01-19,Happiness,yellow background,"This is the day the Lord has made; let us rejoice and be glad in it, for He fills us with joy."
2024-01-20,Anxiety,light blue background,"Cast all your anxieties on Him, because He cares for you and understands every fear hidden in your heart."
2024-01-21,Gratitude,green background,"Give thanks in all circumstances, for this is the will of God in Christ Jesus for you, through every trial and triumph."
2024-01-22,Loneliness,purple background,"Even though I walk through the valley of the shadow of death, I will fear no evil, for You are with me always."
2024-01-23,Anger,red background,"Be angry and do not sin; do not let the sun go down on your anger, and give no opportunity to the devil."
2024-01-24,Sadness,gray background,The Lord is near to the brokenhearted and saves the crushed in spirit. He binds up every wound with His eternal love.
2024-01-25,Happiness,yellow background,You have made known to me the path of life; in Your presence there is fullness of joy and eternal pleasures.
2024-01-26,Anxiety,light blue background,"Cast all your anxieties on Him, because He cares for you and understands every fear hidden in your heart."
2024-01-27,Gratitude,green background,"Give thanks in all circumstances, for this is the will of God in Christ Jesus for you, through every trial and triumph."
2024-01-28,Loneliness,purple background,"I am with you always, even to the end of the age, says the Lord. You are never alone, not for a moment."
2024-01-29,Anger,red background,"A gentle answer turns away wrath, but a harsh word stirs up anger. Walk in peace and leave room for God’s justice."
2024-01-30,Sadness,gray background,The Lord is near to the brokenhearted and saves the crushed in spirit. He binds up every wound with His eternal love.
2024-01-31,Happiness,yellow background,You have made known to me the path of life; in Your presence there is fullness of joy and eternal pleasures.
2024-02-01,Anxiety,light blue background,"Do not be anxious about anything, but in everything by prayer and supplication with thanksgiving let your requests be made known to God."
2024-02-02,Gratitude,green background,Enter His gates with thanksgiving and His courts with praise; give thanks to Him and bless His name for His goodness.
2024-02-03,Loneliness,purple background,"Even though I walk through the valley of the shadow of death, I will fear no evil, for You are with me always."
2024-02-04,Anger,red background,"Be angry and do not sin; do not let the sun go down on your anger, and give no opportunity to the devil."
2024-02-05,Sadness,gray background,"Weeping may endure for a night, but joy comes in the morning. God sees your tears and holds your sorrow in His hands."
2024-02-06,Happiness,yellow background,You have made known to me the path of life; in Your presence there is fullness of joy and eternal pleasures.
2024-02-07,Anxiety,light blue background,"Do not be anxious about anything, but in everything by prayer and supplication with thanksgiving let your requests be made known to God."
2024-02-08,Gratitude,green background,Enter His gates with thanksgiving and His courts with praise; give thanks to Him and bless His name for His goodness.
2024-02-09,Loneliness,purple background,"I am with you always, even to the end of the age, says the Lord. You are never alone, not for a moment."
2024-02-10,Anger,red background,"A gentle answer turns away wrath, but a harsh word stirs up anger. Walk in peace and leave room for God’s justice."
2024-02-11,Sadness,gray background,"Weeping may endure for a night, but joy comes in the morning. God sees your tears and holds your sorrow in His hands."
2024-02-12,Happiness,yellow background,"This is the day the Lord has made; let us rejoice and be glad in it, for He fills us with joy."
2024-02-13,Anxiety,light blue background,"Cast all your anxieties on Him, because He cares for you and understands every fear hidden in your heart."
2024-02-14,Gratitude,green background,"Give thanks in all circumstances, for this is the will of God in Christ Jesus for you, through every trial and triumph."
2024-02-15,Loneliness,purple background,"Even though I walk through the valley of the shadow of death, I will fear no evil, for You are with me always."
2024-02-16,Anger,red background,"Be angry and do not sin; do not let the sun go down on your anger, and give no opportunity to the devil."
2024-02-17,Sadness,gray background,"Weeping may endure for a night, but joy comes in the morning. God sees your tears and holds your sorrow in His hands."
2024-02-18,Happiness,yellow background,You have made known to me the path of life; in Your presence there is fullness of joy and eternal pleasures.
2024-02-19,Anxiety,light blue background,"Do not be anxious about anything, but in everything by prayer and supplication with thanksgiving let your requests be made known to God."
2024-02-20,Gratitude,green background,"Give thanks in all circumstances, for this is the will of God in Christ Jesus for you, through every trial and triumph."
2024-02-21,Loneliness,purple background,"Even though I walk through the valley of the shadow of death, I will fear no evil, for You are with me always."
2024-02-22,Anger,red background,"A gentle answer turns away wrath, but a harsh word stirs up anger. Walk in peace and leave room for God’s justice."
2024-02-23,Sadness,gray background,The Lord is near to the brokenhearted and saves the crushed in spirit. He binds up every wound with His eternal love.
2024-02-24,Happiness,yellow background,"This is the day the Lord has made; let us rejoice and be glad in it, for He fills us with joy."
2024-02-25,Anxiety,light blue background,"Do not be anxious about anything, but in everything by prayer and supplication with thanksgiving let your requests be made known to God."
2024-02-26,Gratitude,green background,"Give thanks in all circumstances, for this is the will of God in Christ Jesus for you, through every trial and triumph."
2024-02-27,Loneliness,purple background,"Even though I walk through the valley of the shadow of death, I will fear no evil, for You are with me always."
2024-02-28,Anger,red background,"Be angry and do not sin; do not let the sun go down on your anger, and give no opportunity to the devil."
2024-03-01,Sadness,gray background,"Weeping may endure for a night, but joy comes in the morning. God sees your tears and holds your sorrow in His hands."
2024-03-02,Happiness,yellow background,"This is the day the Lord has made; let us rejoice and be glad in it, for He fills us with joy."
2024-03-03,Anxiety,light blue background,"Cast all your anxieties on Him, because He cares for you and understands every fear hidden in your heart."
2024-03-04,Gratitude,green background,"Give thanks in all circumstances, for this is the will of God in Christ Jesus for you, through every trial and triumph."
2024-03-05,Loneliness,purple background,"Even though I walk through the valley of the shadow of death, I will fear no evil, for You are with me always."
2024-03-06,Anger,red background,"Be angry and do not sin; do not let the sun go down on your anger, and give no opportunity to the devil."
2024-03-07,Sadness,gray background,The Lord is near to the brokenhearted and saves the crushed in spirit. He binds up every wound with His eternal love.
2024-03-08,Happiness,yellow background,You have made known to me the path of life; in Your presence there is fullness of joy and eternal pleasures.
2024-03-09,Anxiety,light blue background,"Do not be anxious about anything, but in everything by prayer and supplication with thanksgiving let your requests be made known to God."
2024-03-10,Gratitude,green background,"Give thanks in all circumstances, for this is the will of God in Christ Jesus for you, through every trial and triumph."
2024-03-11,Loneliness,purple background,"I am with you always, even to the end of the age, says the Lord. You are never alone, not for a moment."
2024-03-12,Anger,red background,"Be angry and do not sin; do not let the sun go down on your anger, and give no opportunity to the devil."
2024-03-13,Sadness,gray background,The Lord is near to the brokenhearted and saves the crushed in spirit. He binds up every wound with His eternal love.
2024-03-14,Happiness,yellow background,"This is the day the Lord has made; let us rejoice and be glad in it, for He fills us with joy."
2024-03-15,Anxiety,light blue background,"Do not be anxious about anything, but in everything by prayer and supplication with thanksgiving let your requests be made known to God."
2024-03-16,Gratitude,green background,"Give thanks in all circumstances, for this is the will of God in Christ Jesus for you, through every trial and triumph."
2024-03-17,Loneliness,purple background,"Even though I walk through the valley of the shadow of death, I will fear no evil, for You are with me always."
2024-03-18,Anger,red background,"Be angry and do not sin; do not let the sun go down on your anger, and give no opportunity to the devil."
2024-03-19,Sadness,gray background,The Lord is near to the brokenhearted and saves the crushed in spirit. He binds up every wound with His eternal love.
2024-03-20,Happiness,yellow background,You have made known to me the path of life; in Your presence there is fullness of joy and eternal pleasures.
2024-03-21,Anxiety,light blue background,"Do not be anxious about anything, but in everything by prayer and supplication with thanksgiving let your requests be made known to God."
2024-03-22,Gratitude,green background,Enter His gates with thanksgiving and His courts with praise; give thanks to Him and bless His name for His goodness.
2024-03-23,Loneliness,purple background,"I am with you always, even to the end of the age, says the Lord. You are never alone, not for a moment."
2024-03-24,Anger,red background,"A gentle answer turns away wrath, but a harsh word stirs up anger. Walk in peace and leave room for God’s justice."
2024-03-25,Sadness,gray background,"Weeping may endure for a night, but joy comes in the morning. God sees your tears and holds your sorrow in His hands."
2024-03-26,Happiness,yellow background,You have made known to me the path of life; in Your presence there is fullness of joy and eternal pleasures.
2024-03-27,Anxiety,light blue background,"Do not be anxious about anything, but in everything by prayer and supplication with thanksgiving let your requests be made known to God."
2024-03-28,Gratitude,green background,"Give thanks in all circumstances, for this is the will of God in Christ Jesus for you, through every trial and triumph."
2024-03-29,Loneliness,purple background,"I am with you always, even to the end of the age, says the Lord. You are never alone, not for a moment."
2024-03-30,Anger,red background,"Be angry and do not sin; do not let the sun go down on your anger, and give no opportunity to the devil."
2024-03-31,Sadness,gray background,The Lord is near to the brokenhearted and saves the crushed in spirit. He binds up every wound with His eternal love.
2024-04-01,Happiness,yellow background,"This is the day the Lord has made; let us rejoice and be glad in it, for He fills us with joy."
2024-04-02,Anxiety,light blue background,"Cast all your anxieties on Him, because He cares for you and understands every fear hidden in your heart."
2024-04-03,Gratitude,green background,Enter His gates with thanksgiving and His courts with praise; give thanks to Him and bless His name for His goodness.
2024-04-04,Loneliness,purple background,"I am with you always, even to the end of the age, says the Lord. You are never alone, not for a moment."
2024-04-05,Anger,red background,"A gentle answer turns away wrath, but a harsh word stirs up anger. Walk in peace and leave room for God’s justice."
2024-04-06,Sadness,gray background,"Weeping may endure for a night, but joy comes in the morning. God sees your tears and holds your sorrow in His hands."
2024-04-07,Happiness,yellow background,You have made known to me the path of life; in Your presence there is fullness of joy and eternal pleasures.
2024-04-08,Anxiety,light blue background,"Cast all your anxieties on Him, because He cares for you and understands every fear hidden in your heart."
2024-04-09,Gratitude,green background,Enter His gates with thanksgiving and His courts with praise; give thanks to Him and bless His name for His goodness.
2024-04-10,Loneliness,purple background,"I am with you always, even to the end of the age, says the Lord. You are never alone, not for a moment."
2024-04-11,Anger,red background,"Be angry and do not sin; do not let the sun go down on your anger, and give no opportunity to the devil."
2024-04-12,Sadness,gray background,"Weeping may endure for a night, but joy comes in the morning. God sees your tears and holds your sorrow in His hands."
2024-04-13,Happiness,yellow background,"This is the day the Lord has made; let us rejoice and be glad in it, for He fills us with joy."
2024-04-14,Anxiety,light blue background,"Cast all your anxieties on Him, because He cares for you and understands every fear hidden in your heart."
2024-04-15,Gratitude,green background,"Give thanks in all circumstances, for this is the will of God in Christ Jesus for you, through every trial and triumph."
2024-04-16,Loneliness,purple background,"Even though I walk through the valley of the shadow of death, I will fear no evil, for You are with me always."
2024-04-17,Anger,red background,"A gentle answer turns away wrath, but a harsh word stirs up anger. Walk in peace and leave room for God’s justice."
2024-04-18,Sadness,gray background,"Weeping may endure for a night, but joy comes in the morning. God sees your tears and holds your sorrow in His hands."
2024-04-19,Happiness,yellow background,You have made known to me the path of life; in Your presence there is fullness of joy and eternal pleasures.
2024-04-20,Anxiety,light blue background,"Do not be anxious about anything, but in everything by prayer and supplication with thanksgiving let your requests be made known to God."
2024-04-21,Gratitude,green background,"Give thanks in all circumstances, for this is the will of God in Christ Jesus for you, through every trial and triumph."
2024-04-22,Loneliness,purple background,"Even though I walk through the valley of the shadow of death, I will fear no evil, for You are with me always."
2024-04-23,Anger,red background,"A gentle answer turns away wrath, but a harsh word stirs up anger. Walk in peace and leave room for God’s justice."
2024-04-24,Sadness,gray background,The Lord is near to the brokenhearted and saves the crushed in spirit. He binds up every wound with His eternal love.
2024-04-25,Happiness,yellow background,You have made known to me the path of life; in Your presence there is fullness of joy and eternal pleasures.
2024-04-26,Anxiety,light blue background,"Do not be anxious about anything, but in everything by prayer and supplication with thanksgiving let your requests be made known to God."
2024-04-27,Gratitude,green background,Enter His gates with thanksgiving and His courts with praise; give thanks to Him and bless His name for His goodness.
2024-04-28,Loneliness,purple background,"Even though I walk through the valley of the shadow of death, I will fear no evil, for You are with me always."
2024-04-29,Anger,red background,"Be angry and do not sin; do not let the sun go down on your anger, and give no opportunity to the devil."
2024-04-30,Sadness,gray background,"Weeping may endure for a night, but joy comes in the morning. God sees your tears and holds your sorrow in His hands."
2024-05-01,Happiness,yellow background,You have made known to me the path of life; in Your presence there is fullness of joy and eternal pleasures.
2024-05-02,Anxiety,light blue background,"Do not be anxious about anything, but in everything by prayer and supplication with thanksgiving let your requests be made known to God."
2024-05-03,Gratitude,green background,Enter His gates with thanksgiving and His courts with praise; give thanks to Him and bless His name for His goodness.
2024-05-04,Loneliness,purple background,"I am with you always, even to the end of the age, says the Lord. You are never alone, not for a moment."
2024-05-05,Anger,red background,"Be angry and do not sin; do not let the sun go down on your anger, and give no opportunity to the devil."
2024-05-06,Sadness,gray background,"Weeping may endure for a night, but joy comes in the morning. God sees your tears and holds your sorrow in His hands."
2024-05-07,Happiness,yellow background,You have made known to me the path of life; in Your presence there is fullness of joy and eternal pleasures.
2024-05-08,Anxiety,light blue background,"Cast all your anxieties on Him, because He cares for you and understands every fear hidden in your heart."
2024-05-09,Gratitude,green background,Enter His gates with thanksgiving and His courts with praise; give thanks to Him and bless His name for His goodness.
2024-05-10,Loneliness,purple background,"I am with you always, even to the end of the age, says the Lord. You are never alone, not for a moment."
2024-05-11,Anger,red background,"Be angry and do not sin; do not let the sun go down on your anger, and give no opportunity to the devil."
2024-05-12,Sadness,gray background,"Weeping may endure for a night, but joy comes in the morning. God sees your tears and holds your sorrow in His hands."
2024-05-13,Happiness,yellow background,You have made known to me the path of life; in Your presence there is fullness of joy and eternal pleasures.
2024-05-14,Anxiety,light blue background,"Cast all your anxieties on Him, because He cares for you and understands every fear hidden in your heart."
2024-05-15,Gratitude,green background,Enter His gates with thanksgiving and His courts with praise; give thanks to Him and bless His name for His goodness.
2024-05-16,Loneliness,purple background,"I am with you always, even to the end of the age, says the Lord. You are never alone, not for a moment."
2024-05-17,Anger,red background,"A gentle answer turns away wrath, but a harsh word stirs up anger. Walk in peace and leave room for God’s justice."
2024-05-18,Sadness,gray background,The Lord is near to the brokenhearted and saves the crushed in spirit. He binds up every wound with His eternal love.
2024-05-19,Happiness,yellow background,"This is the day the Lord has made; let us rejoice and be glad in it, for He fills us with joy."
2024-05-20,Anxiety,light blue background,"Do not be anxious about anything, but in everything by prayer and supplication with thanksgiving let your requests be made known to God."
2024-05-21,Gratitude,green background,Enter His gates with thanksgiving and His courts with praise; give thanks to Him and bless His name for His goodness.
2024-05-22,Loneliness,purple background,"I am with you always, even to the end of the age, says the Lord. You are never alone, not for a moment."
2024-05-23,Anger,red background,"Be angry and do not sin; do not let the sun go down on your anger, and give no opportunity to the devil."
2024-05-24,Sadness,gray background,"Weeping may endure for a night, but joy comes in the morning. God sees your tears and holds your sorrow in His hands."
2024-05-25,Happiness,yellow background,You have made known to me the path of life; in Your presence there is fullness of joy and eternal pleasures.
2024-05-26,Anxiety,light blue background,"Do not be anxious about anything, but in everything by prayer and supplication with thanksgiving let your requests be made known to God."
2024-05-27,Gratitude,green background,Enter His gates with thanksgiving and His courts with praise; give thanks to Him and bless His name for His goodness.
2024-05-28,Loneliness,purple background,"Even though I walk through the valley of the shadow of death, I will fear no evil, for You are with me always."
2024-05-29,Anger,red background,"Be angry and do not sin; do not let the sun go down on your anger, and give no opportunity to the devil."
2024-05-30,Sadness,gray background,The Lord is near to the brokenhearted and saves the crushed in spirit. He binds up every wound with His eternal love.
2024-05-31,Happiness,yellow background,"This is the day the Lord has made; let us rejoice and be glad in it, for He fills us with joy."
2024-06-01,Anxiety,light blue background,"Cast all your anxieties on Him, because He cares for you and understands every fear hidden in your heart."
2024-06-02,Gratitude,green background,Enter His gates with thanksgiving and His courts with praise; give thanks to Him and bless His name for His goodness.
2024-06-03,Loneliness,purple background,"Even though I walk through the valley of the shadow of death, I will fear no evil, for You are with me always."
2024-06-04,Anger,red background,"Be angry and do not sin; do not let the sun go down on your anger, and give no opportunity to the devil."
2024-06-05,Sadness,gray background,"Weeping may endure for a night, but joy comes in the morning. God sees your tears and holds your sorrow in His hands."
2024-06-06,Happiness,yellow background,"This is the day the Lord has made; let us rejoice and be glad in it, for He fills us with joy."
2024-06-07,Anxiety,light blue background,"Do not be anxious about anything, but in everything by prayer and supplication with thanksgiving let your requests be made known to God."
2024-06-08,Gratitude,green background,Enter His gates with thanksgiving and His courts with praise; give thanks to Him and bless His name for His goodness.
2024-06-09,Loneliness,purple background,"Even though I walk through the valley of the shadow of death, I will fear no evil, for You are with me always."
2024-06-10,Anger,red background,"Be angry and do not sin; do not let the sun go down on your anger, and give no opportunity to the devil."
2024-06-11,Sadness,gray background,"Weeping may endure for a night, but joy comes in the morning. God sees your tears and holds your sorrow in His hands."
2024-06-12,Happiness,yellow background,"This is the day the Lord has made; let us rejoice and be glad in it, for He fills us with joy."
2024-06-13,Anxiety,light blue background,"Cast all your anxieties on Him, because He cares for you and understands every fear hidden in your heart."
2024-06-14,Gratitude,green background,Enter His gates with thanksgiving and His courts with praise; give thanks to Him and bless His name for His goodness.
2024-06-15,Loneliness,purple background,"Even though I walk through the valley of the shadow of death, I will fear no evil, for You are with me always."
2024-06-16,Anger,red background,"A gentle answer turns away wrath, but a harsh word stirs up anger. Walk in peace and leave room for God’s justice."
2024-06-17,Sadness,gray background,The Lord is near to the brokenhearted and saves the crushed in spirit. He binds up every wound with His eternal love.
2024-06-18,Happiness,yellow background,"This is the day the Lord has made; let us rejoice and be glad in it, for He fills us with joy."
2024-06-19,Anxiety,light blue background,"Do not be anxious about anything, but in everything by prayer and supplication with thanksgiving let your requests be made known to God."
2024-06-20,Gratitude,green background,Enter His gates with thanksgiving and His courts with praise; give thanks to Him and bless His name for His goodness.
2024-06-21,Loneliness,purple background,"I am with you always, even to the end of the age, says the Lord. You are never alone, not for a moment."
2024-06-22,Anger,red background,"Be angry and do not sin; do not let the sun go down on your anger, and give no opportunity to the devil."
2024-06-23,Sadness,gray background,"Weeping may endure for a night, but joy comes in the morning. God sees your tears and holds your sorrow in His hands."
2024-06-24,Happiness,yellow background,You have made known to me the path of life; in Your presence there is fullness of joy and eternal pleasures.
2024-06-25,Anxiety,light blue background,"Cast all your anxieties on Him, because He cares for you and understands every fear hidden in your heart."
2024-06-26,Gratitude,green background,Enter His gates with thanksgiving and His courts with praise; give thanks to Him and bless His name for His goodness.
2024-06-27,Loneliness,purple background,"Even though I walk through the valley of the shadow of death, I will fear no evil, for You are with me always."
2024-06-28,Anger,red background,"Be angry and do not sin; do not let the sun go down on your anger, and give no opportunity to the devil."
2024-06-29,Sadness,gray background,The Lord is near to the brokenhearted and saves the crushed in spirit. He binds up every wound with His eternal love.
2024-06-30,Happiness,yellow background,"This is the day the Lord has made; let us rejoice and be glad in it, for He fills us with joy."
2024-07-01,Anxiety,light blue background,"Cast all your anxieties on Him, because He cares for you and understands every fear hidden in your heart."
2024-07-02,Gratitude,green background,Enter His gates with thanksgiving and His courts with praise; give thanks to Him and bless His name for His goodness.
2024-07-03,Loneliness,purple background,"I am with you always, even to the end of the age, says the Lord. You are never alone, not for a moment."
2024-07-04,Anger,red background,"A gentle answer turns away wrath, but a harsh word stirs up anger. Walk in peace and leave room for God’s justice."
2024-07-05,Sadness,gray background,The Lord is near to the brokenhearted and saves the crushed in spirit. He binds up every wound with His eternal love.
2024-07-06,Happiness,yellow background,"This is the day the Lord has made; let us rejoice and be glad in it, for He fills us with joy."
2024-07-07,Anxiety,light blue background,"Do not be anxious about anything, but in everything by prayer and supplication with thanksgiving let your requests be made known to God."
2024-07-08,Gratitude,green background,"Give thanks in all circumstances, for this is the will of God in Christ Jesus for you, through every trial and triumph."
2024-07-09,Loneliness,purple background,"Even though I walk through the valley of the shadow of death, I will fear no evil, for You are with me always."
2024-07-10,Anger,red background,"Be angry and do not sin; do not let the sun go down on your anger, and give no opportunity to the devil."
2024-07-11,Sadness,gray background,"Weeping may endure for a night, but joy comes in the morning. God sees your tears and holds your sorrow in His hands."
2024-07-12,Happiness,yellow background,You have made known to me the path of life; in Your presence there is fullness of joy and eternal pleasures.
2024-07-13,Anxiety,light blue background,"Do not be anxious about anything, but in everything by prayer and supplication with thanksgiving let your requests be made known to God."
2024-07-14,Gratitude,green background,"Give thanks in all circumstances, for this is the will of God in Christ Jesus for you, through every trial and triumph."
2024-07-15,Loneliness,purple background,"I am with you always, even to the end of the age, says the Lord. You are never alone, not for a moment."
2024-07-16,Anger,red background,"Be angry and do not sin; do not let the sun go down on your anger, and give no opportunity to the devil."
2024-07-17,Sadness,gray background,"Weeping may endure for a night, but joy comes in the morning. God sees your tears and holds your sorrow in His hands."
2024-07-18,Happiness,yellow background,You have made known to me the path of life; in Your presence there is fullness of joy and eternal pleasures.
2024-07-19,Anxiety,light blue background,"Do not be anxious about anything, but in everything by prayer and supplication with thanksgiving let your requests be made known to God."
2024-07-20,Gratitude,green background,"Give thanks in all circumstances, for this is the will of God in Christ Jesus for you, through every trial and triumph."
2024-07-21,Loneliness,purple background,"I am with you always, even to the end of the age, says the Lord. You are never alone, not for a moment."
2024-07-22,Anger,red background,"Be angry and do not sin; do not let the sun go down on your anger, and give no opportunity to the devil."
2024-07-23,Sadness,gray background,The Lord is near to the brokenhearted and saves the crushed in spirit. He binds up every wound with His eternal love.
2024-07-24,Happiness,yellow background,You have made known to me the path of life; in Your presence there is fullness of joy and eternal pleasures.
2024-07-25,Anxiety,light blue background,"Do not be anxious about anything, but in everything by prayer and supplication with thanksgiving let your requests be made known to God."
2024-07-26,Gratitude,green background,"Give thanks in all circumstances, for this is the will of God in Christ Jesus for you, through every trial and triumph."
2024-07-27,Loneliness,purple background,"Even though I walk through the valley of the shadow of death, I will fear no evil, for You are with me always."
2024-07-28,Anger,red background,"Be angry and do not sin; do not let the sun go down on your anger, and give no opportunity to the devil."
2024-07-29,Sadness,gray background,"Weeping may endure for a night, but joy comes in the morning. God sees your tears and holds your sorrow in His hands."
2024-07-30,Happiness,yellow background,You have made known to me the path of life; in Your presence there is fullness of joy and eternal pleasures.
2024-07-31,Anxiety,light blue background,"Cast all your anxieties on Him, because He cares for you and understands every fear hidden in your heart."
2024-08-01,Gratitude,green background,Enter His gates with thanksgiving and His courts with praise; give thanks to Him and bless His name for His goodness.
2024-08-02,Loneliness,purple background,"I am with you always, even to the end of the age, says the Lord. You are never alone, not for a moment."
2024-08-03,Anger,red background,"A gentle answer turns away wrath, but a harsh word stirs up anger. Walk in peace and leave room for God’s justice."
2024-08-04,Sadness,gray background,The Lord is near to the brokenhearted and saves the crushed in spirit. He binds up every wound with His eternal love.
2024-08-05,Happiness,yellow background,You have made known to me the path of life; in Your presence there is fullness of joy and eternal pleasures.
2024-08-06,Anxiety,light blue background,"Cast all your anxieties on Him, because He cares for you and understands every fear hidden in your heart."
2024-08-07,Gratitude,green background,Enter His gates with thanksgiving and His courts with praise; give thanks to Him and bless His name for His goodness.
2024-08-08,Loneliness,purple background,"I am with you always, even to the end of the age, says the Lord. You are never alone, not for a moment."
2024-08-09,Anger,red background,"Be angry and do not sin; do not let the sun go down on your anger, and give no opportunity to the devil."
2024-08-10,Sadness,gray background,"Weeping may endure for a night, but joy comes in the morning. God sees your tears and holds your sorrow in His hands."
2024-08-11,Happiness,yellow background,"This is the day the Lord has made; let us rejoice and be glad in it, for He fills us with joy."
2024-08-12,Anxiety,light blue background,"Cast all your anxieties on Him, because He cares for you and understands every fear hidden in your heart."
2024-08-13,Gratitude,green background,"Give thanks in all circumstances, for this is the will of God in Christ Jesus for you, through every trial and triumph."
2024-08-14,Loneliness,purple background,"I am with you always, even to the end of the age, says the Lord. You are never alone, not for a moment."
2024-08-15,Anger,red background,"A gentle answer turns away wrath, but a harsh word stirs up anger. Walk in peace and leave room for God’s justice."
2024-08-16,Sadness,gray background,The Lord is near to the brokenhearted and saves the crushed in spirit. He binds up every wound with His eternal love.
2024-08-17,Happiness,yellow background,"This is the day the Lord has made; let us rejoice and be glad in it, for He fills us with joy."
2024-08-18,Anxiety,light blue background,"Do not be anxious about anything, but in everything by prayer and supplication with thanksgiving let your requests be made known to God."
2024-08-19,Gratitude,green background,Enter His gates with thanksgiving and His courts with praise; give thanks to Him and bless His name for His goodness.
2024-08-20,Loneliness,purple background,"I am with you always, even to the end of the age, says the Lord. You are never alone, not for a moment."
2024-08-21,Anger,red background,"Be angry and do not sin; do not let the sun go down on your anger, and give no opportunity to the devil."
2024-08-22,Sadness,gray background,"Weeping may endure for a night, but joy comes in the morning. God sees your tears and holds your sorrow in His hands."
2024-08-23,Happiness,yellow background,You have made known to me the path of life; in Your presence there is fullness of joy and eternal pleasures.
2024-08-24,Anxiety,light blue background,"Cast all your anxieties on Him, because He cares for you and understands every fear hidden in your heart."
2024-08-25,Gratitude,green background,Enter His gates with thanksgiving and His courts with praise; give thanks to Him and bless His name for His goodness.
2024-08-26,Loneliness,purple background,"I am with you always, even to the end of the age, says the Lord. You are never alone, not for a moment."
2024-08-27,Anger,red background,"A gentle answer turns away wrath, but a harsh word stirs up anger. Walk in peace and leave room for God’s justice."
2024-08-28,Sadness,gray background,The Lord is near to the brokenhearted and saves the crushed in spirit. He binds up every wound with His eternal love.
2024-08-29,Happiness,yellow background,You have made known to me the path of life; in Your presence there is fullness of joy and eternal pleasures.
2024-08-30,Anxiety,light blue background,"Do not be anxious about anything, but in everything by prayer and supplication with thanksgiving let your requests be made known to God."
2024-08-31,Gratitude,green background,Enter His gates with thanksgiving and His courts with praise; give thanks to Him and bless His name for His goodness.
2024-09-01,Loneliness,purple background,"I am with you always, even to the end of the age, says the Lord. You are never alone, not for a moment."
2024-09-02,Anger,red background,"A gentle answer turns away wrath, but a harsh word stirs up anger. Walk in peace and leave room for God’s justice."
2024-09-03,Sadness,gray background,The Lord is near to the brokenhearted and saves the crushed in spirit. He binds up every wound with His eternal love.
2024-09-04,Happiness,yellow background,You have made known to me the path of life; in Your presence there is fullness of joy and eternal pleasures.
2024-09-05,Anxiety,light blue background,"Do not be anxious about anything, but in everything by prayer and supplication with thanksgiving let your requests be made known to God."
2024-09-06,Gratitude,green background,Enter His gates with thanksgiving and His courts with praise; give thanks to Him and bless His name for His goodness.
2024-09-07,Loneliness,purple background,"I am with you always, even to the end of the age, says the Lord. You are never alone, not for a moment."
2024-09-08,Anger,red background,"A gentle answer turns away wrath, but a harsh word stirs up anger. Walk in peace and leave room for God’s justice."
2024-09-09,Sadness,gray background,"Weeping may endure for a night, but joy comes in the morning. God sees your tears and holds your sorrow in His hands."
2024-09-10,Happiness,yellow background,"This is the day the Lord has made; let us rejoice and be glad in it, for He fills us with joy."
2024-09-11,Anxiety,light blue background,"Cast all your anxieties on Him, because He cares for you and understands every fear hidden in your heart."
2024-09-12,Gratitude,green background,"Give thanks in all circumstances, for this is the will of God in Christ Jesus for you, through every trial and triumph."
2024-09-13,Loneliness,purple background,"Even though I walk through the valley of the shadow of death, I will fear no evil, for You are with me always."
2024-09-14,Anger,red background,"A gentle answer turns away wrath, but a harsh word stirs up anger. Walk in peace and leave room for God’s justice."
2024-09-15,Sadness,gray background,The Lord is near to the brokenhearted and saves the crushed in spirit. He binds up every wound with His eternal love.
2024-09-16,Happiness,yellow background,"This is the day the Lord has made; let us rejoice and be glad in it, for He fills us with joy."
2024-09-17,Anxiety,light blue background,"Do not be anxious about anything, but in everything by prayer and supplication with thanksgiving let your requests be made known to God."
2024-09-18,Gratitude,green background,"Give thanks in all circumstances, for this is the will of God in Christ Jesus for you, through every trial and triumph."
2024-09-19,Loneliness,purple background,"Even though I walk through the valley of the shadow of death, I will fear no evil, for You are with me always."
2024-09-20,Anger,red background,"Be angry and do not sin; do not let the sun go down on your anger, and give no opportunity to the devil."
2024-09-21,Sadness,gray background,"Weeping may endure for a night, but joy comes in the morning. God sees your tears and holds your sorrow in His hands."
2024-09-22,Happiness,yellow background,You have made known to me the path of life; in Your presence there is fullness of joy and eternal pleasures.
2024-09-23,Anxiety,light blue background,"Do not be anxious about anything, but in everything by prayer and supplication with thanksgiving let your requests be made known to God."
2024-09-24,Gratitude,green background,Enter His gates with thanksgiving and His courts with praise; give thanks to Him and bless His name for His goodness.
2024-09-25,Loneliness,purple background,"Even though I walk through the valley of the shadow of death, I will fear no evil, for You are with me always."
2024-09-26,Anger,red background,"A gentle answer turns away wrath, but a harsh word stirs up anger. Walk in peace and leave room for God’s justice."
2024-09-27,Sadness,gray background,"Weeping may endure for a night, but joy comes in the morning. God sees your tears and holds your sorrow in His hands."
2024-09-28,Happiness,yellow background,You have made known to me the path of life; in Your presence there is fullness of joy and eternal pleasures.
2024-09-29,Anxiety,light blue background,"Cast all your anxieties on Him, because He cares for you and understands every fear hidden in your heart."
2024-09-30,Gratitude,green background,"Give thanks in all circumstances, for this is the will of God in Christ Jesus for you, through every trial and triumph."
2024-10-01,Loneliness,purple background,"I am with you always, even to the end of the age, says the Lord. You are never alone, not for a moment."
2024-10-02,Anger,red background,"Be angry and do not sin; do not let the sun go down on your anger, and give no opportunity to the devil."
2024-10-03,Sadness,gray background,"Weeping may endure for a night, but joy comes in the morning. God sees your tears and holds your sorrow in His hands."
2024-10-04,Happiness,yellow background,You have made known to me the path of life; in Your presence there is fullness of joy and eternal pleasures.
2024-10-05,Anxiety,light blue background,"Do not be anxious about anything, but in everything by prayer and supplication with thanksgiving let your requests be made known to God."
2024-10-06,Gratitude,green background,"Give thanks in all circumstances, for this is the will of God in Christ Jesus for you, through every trial and triumph."
2024-10-07,Loneliness,purple background,"Even though I walk through the valley of the shadow of death, I will fear no evil, for You are with me always."
2024-10-08,Anger,red background,"Be angry and do not sin; do not let the sun go down on your anger, and give no opportunity to the devil."
2024-10-09,Sadness,gray background,The Lord is near to the brokenhearted and saves the crushed in spirit. He binds up every wound with His eternal love.
2024-10-10,Happiness,yellow background,You have made known to me the path of life; in Your presence there is fullness of joy and eternal pleasures.
2024-10-11,Anxiety,light blue background,"Do not be anxious about anything, but in everything by prayer and supplication with thanksgiving let your requests be made known to God."
2024-10-12,Gratitude,green background,Enter His gates with thanksgiving and His courts with praise; give thanks to Him and bless His name for His goodness.
2024-10-13,Loneliness,purple background,"I am with you always, even to the end of the age, says the Lord. You are never alone, not for a moment."
2024-10-14,Anger,red background,"Be angry and do not sin; do not let the sun go down on your anger, and give no opportunity to the devil."
2024-10-15,Sadness,gray background,The Lord is near to the brokenhearted and saves the crushed in spirit. He binds up every wound with His eternal love.
2024-10-16,Happiness,yellow background,"This is the day the Lord has made; let us rejoice and be glad in it, for He fills us with joy."
2024-10-17,Anxiety,light blue background,"Do not be anxious about anything, but in everything by prayer and supplication with thanksgiving let your requests be made known to God."
2024-10-18,Gratitude,green background,Enter His gates with thanksgiving and His courts with praise; give thanks to Him and bless His name for His goodness.
2024-10-19,Loneliness,purple background,"Even though I walk through the valley of the shadow of death, I will fear no evil, for You are with me always."
2024-10-20,Anger,red background,"A gentle answer turns away wrath, but a harsh word stirs up anger. Walk in peace and leave room for God’s justice."
2024-10-21,Sadness,gray background,"Weeping may endure for a night, but joy comes in the morning. God sees your tears and holds your sorrow in His hands."
2024-10-22,Happiness,yellow background,You have made known to me the path of life; in Your presence there is fullness of joy and eternal pleasures.
2024-10-23,Anxiety,light blue background,"Cast all your anxieties on Him, because He cares for you and understands every fear hidden in your heart."
2024-10-24,Gratitude,green background,Enter His gates with thanksgiving and His courts with praise; give thanks to Him and bless His name for His goodness.
2024-10-25,Loneliness,purple background,"I am with you always, even to the end of the age, says the Lord. You are never alone, not for a moment."
2024-10-26,Anger,red background,"Be angry and do not sin; do not let the sun go down on your anger, and give no opportunity to the devil."
2024-10-27,Sadness,gray background,"Weeping may endure for a night, but joy comes in the morning. God sees your tears and holds your sorrow in His hands."
2024-10-28,Happiness,yellow background,"This is the day the Lord has made; let us rejoice and be glad in it, for He fills us with joy."
2024-10-29,Anxiety,light blue background,"Do not be anxious about anything, but in everything by prayer and supplication with thanksgiving let your requests be made known to God."
2024-10-30,Gratitude,green background,"Give thanks in all circumstances, for this is the will of God in Christ Jesus for you, through every trial and triumph."
2024-10-31,Loneliness,purple background,"Even though I walk through the valley of the shadow of death, I will fear no evil, for You are with me always."
2024-11-01,Anger,red background,"Be angry and do not sin; do not let the sun go down on your anger, and give no opportunity to the devil."
2024-11-02,Sadness,gray background,The Lord is near to the brokenhearted and saves the crushed in spirit. He binds up every wound with His eternal love.
2024-11-03,Happiness,yellow background,You have made known to me the path of life; in Your presence there is fullness of joy and eternal pleasures.
2024-11-04,Anxiety,light blue background,"Do not be anxious about anything, but in everything by prayer and supplication with thanksgiving let your requests be made known to God."
2024-11-05,Gratitude,green background,"Give thanks in all circumstances, for this is the will of God in Christ Jesus for you, through every trial and triumph."
2024-11-06,Loneliness,purple background,"I am with you always, even to the end of the age, says the Lord. You are never alone, not for a moment."
2024-11-07,Anger,red background,"A gentle answer turns away wrath, but a harsh word stirs up anger. Walk in peace and leave room for God’s justice."
2024-11-08,Sadness,gray background,The Lord is near to the brokenhearted and saves the crushed in spirit. He binds up every wound with His eternal love.
2024-11-09,Happiness,yellow background,"This is the day the Lord has made; let us rejoice and be glad in it, for He fills us with joy."
2024-11-10,Anxiety,light blue background,"Cast all your anxieties on Him, because He cares for you and understands every fear hidden in your heart."
2024-11-11,Gratitude,green background,"Give thanks in all circumstances, for this is the will of God in Christ Jesus for you, through every trial and triumph."
2024-11-12,Loneliness,purple background,"I am with you always, even to the end of the age, says the Lord. You are never alone, not for a moment."
2024-11-13,Anger,red background,"A gentle answer turns away wrath, but a harsh word stirs up anger. Walk in peace and leave room for God’s justice."
2024-11-14,Sadness,gray background,"Weeping may endure for a night, but joy comes in the morning. God sees your tears and holds your sorrow in His hands."
2024-11-15,Happiness,yellow background,"This is the day the Lord has made; let us rejoice and be glad in it, for He fills us with joy."
2024-11-16,Anxiety,light blue background,"Do not be anxious about anything, but in everything by prayer and supplication with thanksgiving let your requests be made known to God."
2024-11-17,Gratitude,green background,"Give thanks in all circumstances, for this is the will of God in Christ Jesus for you, through every trial and triumph."
2024-11-18,Loneliness,purple background,"I am with you always, even to the end of the age, says the Lord. You are never alone, not for a moment."
2024-11-19,Anger,red background,"Be angry and do not sin; do not let the sun go down on your anger, and give no opportunity to the devil."
2024-11-20,Sadness,gray background,The Lord is near to the brokenhearted and saves the crushed in spirit. He binds up every wound with His eternal love.
2024-11-21,Happiness,yellow background,"This is the day the Lord has made; let us rejoice and be glad in it, for He fills us with joy."
2024-11-22,Anxiety,light blue background,"Do not be anxious about anything, but in everything by prayer and supplication with thanksgiving let your requests be made known to God."
2024-11-23,Gratitude,green background,"Give thanks in all circumstances, for this is the will of God in Christ Jesus for you, through every trial and triumph."
2024-11-24,Loneliness,purple background,"Even though I walk through the valley of the shadow of death, I will fear no evil, for You are with me always."
2024-11-25,Anger,red background,"Be angry and do not sin; do not let the sun go down on your anger, and give no opportunity to the devil."
2024-11-26,Sadness,gray background,"Weeping may endure for a night, but joy comes in the morning. God sees your tears and holds your sorrow in His hands."
2024-11-27,Happiness,yellow background,"This is the day the Lord has made; let us rejoice and be glad in it, for He fills us with joy."
2024-11-28,Anxiety,light blue background,"Cast all your anxieties on Him, because He cares for you and understands every fear hidden in your heart."
2024-11-29,Gratitude,green background,Enter His gates with thanksgiving and His courts with praise; give thanks to Him and bless His name for His goodness.
2024-11-30,Loneliness,purple background,"I am with you always, even to the end of the age, says the Lord. You are never alone, not for a moment."
2024-12-01,Anger,red background,"Be angry and do not sin; do not let the sun go down on your anger, and give no opportunity to the devil."
2024-12-02,Sadness,gray background,"Weeping may endure for a night, but joy comes in the morning. God sees your tears and holds your sorrow in His hands."
2024-12-03,Happiness,yellow background,"This is the day the Lord has made; let us rejoice and be glad in it, for He fills us with joy."
2024-12-04,Anxiety,light blue background,"Do not be anxious about anything, but in everything by prayer and supplication with thanksgiving let your requests be made known to God."
2024-12-05,Gratitude,green background,Enter His gates with thanksgiving and His courts with praise; give thanks to Him and bless His name for His goodness.
2024-12-06,Loneliness,purple background,"I am with you always, even to the end of the age, says the Lord. You are never alone, not for a moment."
2024-12-07,Anger,red background,"Be angry and do not sin; do not let the sun go down on your anger, and give no opportunity to the devil."
2024-12-08,Sadness,gray background,The Lord is near to the brokenhearted and saves the crushed in spirit. He binds up every wound with His eternal love.
2024-12-09,Happiness,yellow background,"This is the day the Lord has made; let us rejoice and be glad in it, for He fills us with joy."
2024-12-10,Anxiety,light blue background,"Do not be anxious about anything, but in everything by prayer and supplication with thanksgiving let your requests be made known to God."
2024-12-11,Gratitude,green background,Enter His gates with thanksgiving and His courts with praise; give thanks to Him and bless His name for His goodness.
2024-12-12,Loneliness,purple background,"Even though I walk through the valley of the shadow of death, I will fear no evil, for You are with me always."
2024-12-13,Anger,red background,"Be angry and do not sin; do not let the sun go down on your anger, and give no opportunity to the devil."
2024-12-14,Sadness,gray background,"Weeping may endure for a night, but joy comes in the morning. God sees your tears and holds your sorrow in His hands."
2024-12-15,Happiness,yellow background,You have made known to me the path of life; in Your presence there is fullness of joy and eternal pleasures.
2024-12-16,Anxiety,light blue background,"Cast all your anxieties on Him, because He cares for you and understands every fear hidden in your heart."
2024-12-17,Gratitude,green background,Enter His gates with thanksgiving and His courts with praise; give thanks to Him and bless His name for His goodness.
2024-12-18,Loneliness,purple background,"Even though I walk through the valley of the shadow of death, I will fear no evil, for You are with me always."
2024-12-19,Anger,red background,"Be angry and do not sin; do not let the sun go down on your anger, and give no opportunity to the devil."
2024-12-20,Sadness,gray background,"Weeping may endure for a night, but joy comes in the morning. God sees your tears and holds your sorrow in His hands."
2024-12-21,Happiness,yellow background,You have made known to me the path of life; in Your presence there is fullness of joy and eternal pleasures.
2024-12-22,Anxiety,light blue background,"Cast all your anxieties on Him, because He cares for you and understands every fear hidden in your heart."
2024-12-23,Gratitude,green background,Enter His gates with thanksgiving and His courts with praise; give thanks to Him and bless His name for His goodness.
2024-12-24,Loneliness,purple background,"I am with you always, even to the end of the age, says the Lord. You are never alone, not for a moment."
2024-12-25,Anger,red background,"Be angry and do not sin; do not let the sun go down on your anger, and give no opportunity to the devil."
2024-12-26,Sadness,gray background,"Weeping may endure for a night, but joy comes in the morning. God sees your tears and holds your sorrow in His hands."
2024-12-27,Happiness,yellow background,"This is the day the Lord has made; let us rejoice and be glad in it, for He fills us with joy."
2024-12-28,Anxiety,light blue background,"Do not be anxious about anything, but in everything by prayer and supplication with thanksgiving let your requests be made known to God."
2024-12-29,Gratitude,green background,Enter His gates with thanksgiving and His courts with praise; give thanks to Him and bless His name for His goodness.
2024-12-30,Loneliness,purple background,"I am with you always, even to the end of the age, says the Lord. You are never alone, not for a moment."
2024-12-31,Anger,red background,"A gentle answer turns away wrath, but a harsh word stirs up anger. Walk in peace and leave room for God’s justice."
